"Status","Titulo","slug","Ciudad o Estado","País","Titulo página","Excerpt Página","Titulo SEO","Metadescripción SEO","ID","Created Date","Updated Date","Owner","Publish Date","Unpublish Date"
"PUBLISHED","Biodegradable Urns in Hawaii","biodegradable-urns-in-hawaii","Hawaii","ESTADOS UNIDOS","Biodegradable Urns in Hawaii","Sustainable biodegradable urns in Hawaii crafted for meaningful memorials. Explore eco-friendly options from Your Brand Name.","Biodegradable Urns in Hawaii | Eco-Friendly Memorials by Your Brand Name","Discover premium biodegradable urns in Hawaii. Eco-friendly memorial urns for land, water, and tree burials. Fast shipping across the USA from Your Brand Name.","01ac58ae-496b-4e89-a8a1-bb1872dee16e",2026-06-12T20:24:41Z,2026-06-12T20:33:14Z,"45119e62-fb47-42df-8e3f-62a36597ee45",2026-06-12T20:24:40Z,
"PUBLISHED","Biodegradable Urns in Arkansas","biodegradable-urns-in-arkansas","Arkansas","ESTADOS UNIDOS","Biodegradable Urns in Arkansas","Sustainable biodegradable urns in Arkansas crafted for meaningful memorials. Explore eco-friendly options from Your Brand Name.","Biodegradable Urns in Arkansas | Eco-Friendly Memorials by Your Brand Name","Discover premium biodegradable urns in Arkansas. Eco-friendly memorial urns for land, water, and tree burials. Fast shipping across the USA from Your Brand Name.","058bb54d-6957-4504-838e-b130007e7293",2026-06-12T20:24:41Z,2026-06-12T20:33:14Z,"45119e62-fb47-42df-8e3f-62a36597ee45",2026-06-12T20:24:40Z,
"PUBLISHED","Biodegradable Urns in Idaho","biodegradable-urns-in-idaho","Idaho","ESTADOS UNIDOS","Biodegradable Urns in Idaho","Sustainable biodegradable urns in Idaho crafted for meaningful memorials. Explore eco-friendly options from Your Brand Name.","Biodegradable Urns in Idaho | Eco-Friendly Memorials by Your Brand Name","Discover premium biodegradable urns in Idaho. Eco-friendly memorial urns for land, water, and tree burials. Fast shipping across the USA from Your Brand Name.","0bde5991-9f9c-4e01-8eea-0b32738e80f5",2026-06-12T20:24:41Z,2026-06-12T20:33:14Z,"45119e62-fb47-42df-8e3f-62a36597ee45",2026-06-12T20:24:40Z,
"PUBLISHED","Biodegradable Urns in South Dakota","biodegradable-urns-in-south-dakota","South Dakota","ESTADOS UNIDOS","Biodegradable Urns in South Dakota","Sustainable biodegradable urns in South Dakota crafted for meaningful memorials. Explore eco-friendly options from Your Brand Name.","Biodegradable Urns in South Dakota | Eco-Friendly Memorials by Your Brand Name","Discover premium biodegradable urns in South Dakota. Eco-friendly memorial urns for land, water, and tree burials. Fast shipping across the USA from Your Brand Name.","10c9a5cd-a9d9-4a2a-94a3-29c5666e2472",2026-06-12T20:24:41Z,2026-06-12T20:33:14Z,"45119e62-fb47-42df-8e3f-62a36597ee45",2026-06-12T20:24:40Z,
"PUBLISHED","Biodegradable Urns in Maryland","biodegradable-urns-in-maryland","Maryland","ESTADOS UNIDOS","Biodegradable Urns in Maryland","Sustainable biodegradable urns in Maryland crafted for meaningful memorials. Explore eco-friendly options from Your Brand Name.","Biodegradable Urns in Maryland | Eco-Friendly Memorials by Your Brand Name","Discover premium biodegradable urns in Maryland. Eco-friendly memorial urns for land, water, and tree burials. Fast shipping across the USA from Your Brand Name.","177b21c7-518b-4cc2-8cb5-290b9fae91d1",2026-06-12T20:24:41Z,2026-06-12T20:33:14Z,"45119e62-fb47-42df-8e3f-62a36597ee45",2026-06-12T20:24:40Z,
"PUBLISHED","Biodegradable Urns in Alaska","biodegradable-urns-in-alaska","Alaska","ESTADOS UNIDOS","Biodegradable Urns in Alaska","Sustainable biodegradable urns in Alaska crafted for meaningful memorials. Explore eco-friendly options from Your Brand Name.","Biodegradable Urns in Alaska | Eco-Friendly Memorials by Your Brand Name","Discover premium biodegradable urns in Alaska. Eco-friendly memorial urns for land, water, and tree burials. Fast shipping across the USA from Your Brand Name.","184281dd-ae81-4b42-906c-2449806f146e",2026-06-12T20:24:41Z,2026-06-12T20:33:14Z,"45119e62-fb47-42df-8e3f-62a36597ee45",2026-06-12T20:24:40Z,
"PUBLISHED","Biodegradable Urns in Illinois","biodegradable-urns-in-illinois","Illinois","ESTADOS UNIDOS","Biodegradable Urns in Illinois","Sustainable biodegradable urns in Illinois crafted for meaningful memorials. Explore eco-friendly options from Your Brand Name.","Biodegradable Urns in Illinois | Eco-Friendly Memorials by Your Brand Name","Discover premium biodegradable urns in Illinois. Eco-friendly memorial urns for land, water, and tree burials. Fast shipping across the USA from Your Brand Name.","1bb6aeb3-124a-4936-8692-7fcbf417b74b",2026-06-12T20:24:41Z,2026-06-12T20:33:14Z,"45119e62-fb47-42df-8e3f-62a36597ee45",2026-06-12T20:24:40Z,
"PUBLISHED","Biodegradable Urns in Nebraska","biodegradable-urns-in-nebraska","Nebraska","ESTADOS UNIDOS","Biodegradable Urns in Nebraska","Sustainable biodegradable urns in Nebraska crafted for meaningful memorials. Explore eco-friendly options from Your Brand Name.","Biodegradable Urns in Nebraska | Eco-Friendly Memorials by Your Brand Name","Discover premium biodegradable urns in Nebraska. Eco-friendly memorial urns for land, water, and tree burials. Fast shipping across the USA from Your Brand Name.","2a319bd0-8214-4ee7-8d5b-23175de067ee",2026-06-12T20:24:41Z,2026-06-12T20:33:14Z,"45119e62-fb47-42df-8e3f-62a36597ee45",2026-06-12T20:24:40Z,
"PUBLISHED","Biodegradable Urns in Arizona","biodegradable-urns-in-arizona","Arizona","ESTADOS UNIDOS","Biodegradable Urns in Arizona","Sustainable biodegradable urns in Arizona crafted for meaningful memorials. Explore eco-friendly options from Your Brand Name.","Biodegradable Urns in Arizona | Eco-Friendly Memorials by Your Brand Name","Discover premium biodegradable urns in Arizona. Eco-friendly memorial urns for land, water, and tree burials. Fast shipping across the USA from Your Brand Name.","32f9b5b2-c3de-4866-8ef8-30b540db25ca",2026-06-12T20:24:41Z,2026-06-12T20:33:14Z,"45119e62-fb47-42df-8e3f-62a36597ee45",2026-06-12T20:24:40Z,
"PUBLISHED","Biodegradable Urns in California","biodegradable-urns-in-california","California","ESTADOS UNIDOS","Biodegradable Urns in California","Sustainable biodegradable urns in California crafted for meaningful memorials. Explore eco-friendly options from Your Brand Name.","Biodegradable Urns in California | Eco-Friendly Memorials by Your Brand Name","Discover premium biodegradable urns in California. Eco-friendly memorial urns for land, water, and tree burials. Fast shipping across the USA from Your Brand Name.","3a9bf48b-7533-4c1e-9b27-d62f19d7bba9",2026-06-12T20:24:41Z,2026-06-12T20:33:14Z,"45119e62-fb47-42df-8e3f-62a36597ee45",2026-06-12T20:24:40Z,
"PUBLISHED","Biodegradable Urns in Pennsylvania","biodegradable-urns-in-pennsylvania","Pennsylvania","ESTADOS UNIDOS","Biodegradable Urns in Pennsylvania","Sustainable biodegradable urns in Pennsylvania crafted for meaningful memorials. Explore eco-friendly options from Your Brand Name.","Biodegradable Urns in Pennsylvania | Eco-Friendly Memorials by Your Brand Name","Discover premium biodegradable urns in Pennsylvania. Eco-friendly memorial urns for land, water, and tree burials. Fast shipping across the USA from Your Brand Name.","3ae994c0-7173-4e9b-97f3-12f9b166e423",2026-06-12T20:24:41Z,2026-06-12T20:33:14Z,"45119e62-fb47-42df-8e3f-62a36597ee45",2026-06-12T20:24:40Z,
"PUBLISHED","Biodegradable Urns in Utah","biodegradable-urns-in-utah","Utah","ESTADOS UNIDOS","Biodegradable Urns in Utah","Sustainable biodegradable urns in Utah crafted for meaningful memorials. Explore eco-friendly options from Your Brand Name.","Biodegradable Urns in Utah | Eco-Friendly Memorials by Your Brand Name","Discover premium biodegradable urns in Utah. Eco-friendly memorial urns for land, water, and tree burials. Fast shipping across the USA from Your Brand Name.","42b05c86-e245-41e9-9530-588fd19d6b98",2026-06-12T20:24:41Z,2026-06-12T20:33:14Z,"45119e62-fb47-42df-8e3f-62a36597ee45",2026-06-12T20:24:40Z,
"PUBLISHED","Biodegradable Urns in Rhode Island","biodegradable-urns-in-rhode-island","Rhode Island","ESTADOS UNIDOS","Biodegradable Urns in Rhode Island","Sustainable biodegradable urns in Rhode Island crafted for meaningful memorials. Explore eco-friendly options from Your Brand Name.","Biodegradable Urns in Rhode Island | Eco-Friendly Memorials by Your Brand Name","Discover premium biodegradable urns in Rhode Island. Eco-friendly memorial urns for land, water, and tree burials. Fast shipping across the USA from Your Brand Name.","4d9a8910-9534-49de-b4e3-405d235214a1",2026-06-12T20:24:41Z,2026-06-12T20:33:14Z,"45119e62-fb47-42df-8e3f-62a36597ee45",2026-06-12T20:24:40Z,
"PUBLISHED","Biodegradable Urns in North Carolina","biodegradable-urns-in-north-carolina","North Carolina","ESTADOS UNIDOS","Biodegradable Urns in North Carolina","Sustainable biodegradable urns in North Carolina crafted for meaningful memorials. Explore eco-friendly options from Your Brand Name.","Biodegradable Urns in North Carolina | Eco-Friendly Memorials by Your Brand Name","Discover premium biodegradable urns in North Carolina. Eco-friendly memorial urns for land, water, and tree burials. Fast shipping across the USA from Your Brand Name.","4e51fc1f-d5c2-4601-a1b5-b47f442ddc39",2026-06-12T20:24:41Z,2026-06-12T20:33:14Z,"45119e62-fb47-42df-8e3f-62a36597ee45",2026-06-12T20:24:40Z,
"PUBLISHED","Biodegradable Urns in Wyoming","biodegradable-urns-in-wyoming","Wyoming","ESTADOS UNIDOS","Biodegradable Urns in Wyoming","Sustainable biodegradable urns in Wyoming crafted for meaningful memorials. Explore eco-friendly options from Your Brand Name.","Biodegradable Urns in Wyoming | Eco-Friendly Memorials by Your Brand Name","Discover premium biodegradable urns in Wyoming. Eco-friendly memorial urns for land, water, and tree burials. Fast shipping across the USA from Your Brand Name.","4e784307-f5e8-4f65-bd0c-09b338d4880c",2026-06-12T20:24:41Z,2026-06-12T20:33:14Z,"45119e62-fb47-42df-8e3f-62a36597ee45",2026-06-12T20:24:40Z,
"PUBLISHED","Biodegradable Urns in Iowa","biodegradable-urns-in-iowa","Iowa","ESTADOS UNIDOS","Biodegradable Urns in Iowa","Sustainable biodegradable urns in Iowa crafted for meaningful memorials. Explore eco-friendly options from Your Brand Name.","Biodegradable Urns in Iowa | Eco-Friendly Memorials by Your Brand Name","Discover premium biodegradable urns in Iowa. Eco-friendly memorial urns for land, water, and tree burials. Fast shipping across the USA from Your Brand Name.","51c10018-918b-4594-9f73-867a40af2d73",2026-06-12T20:24:41Z,2026-06-12T20:33:14Z,"45119e62-fb47-42df-8e3f-62a36597ee45",2026-06-12T20:24:40Z,
"PUBLISHED","Biodegradable Urns in Connecticut","biodegradable-urns-in-connecticut","Connecticut","ESTADOS UNIDOS","Biodegradable Urns in Connecticut","Sustainable biodegradable urns in Connecticut crafted for meaningful memorials. Explore eco-friendly options from Your Brand Name.","Biodegradable Urns in Connecticut | Eco-Friendly Memorials by Your Brand Name","Discover premium biodegradable urns in Connecticut. Eco-friendly memorial urns for land, water, and tree burials. Fast shipping across the USA from Your Brand Name.","5541a46f-c7c4-43e2-8d55-258ad9e77687",2026-06-12T20:24:41Z,2026-06-12T20:33:14Z,"45119e62-fb47-42df-8e3f-62a36597ee45",2026-06-12T20:24:40Z,
"PUBLISHED","Biodegradable Urns in Washington, D.C.","biodegradable-urns-in-washington-d.c.","Washington, D.C.","ESTADOS UNIDOS","Biodegradable Urns in Washington, D.C.","Sustainable biodegradable urns in Washington, D.C. crafted for meaningful memorials. Explore eco-friendly options from Your Brand Name.","Biodegradable Urns in Washington, D.C. | Eco-Friendly Memorials by Your Brand Name","Discover premium biodegradable urns in Washington, D.C.. Eco-friendly memorial urns for land, water, and tree burials. Fast shipping across the USA from Your Brand Name.","5552df6e-9e92-4e3d-a7fc-ab1cd36aefea",2026-06-12T20:24:41Z,2026-06-12T20:33:14Z,"45119e62-fb47-42df-8e3f-62a36597ee45",2026-06-12T20:24:40Z,
"PUBLISHED","Biodegradable Urns in Oklahoma","biodegradable-urns-in-oklahoma","Oklahoma","ESTADOS UNIDOS","Biodegradable Urns in Oklahoma","Sustainable biodegradable urns in Oklahoma crafted for meaningful memorials. Explore eco-friendly options from Your Brand Name.","Biodegradable Urns in Oklahoma | Eco-Friendly Memorials by Your Brand Name","Discover premium biodegradable urns in Oklahoma. Eco-friendly memorial urns for land, water, and tree burials. Fast shipping across the USA from Your Brand Name.","58773b1b-d807-430f-8952-70cde9609b2c",2026-06-12T20:24:41Z,2026-06-12T20:33:14Z,"45119e62-fb47-42df-8e3f-62a36597ee45",2026-06-12T20:24:40Z,
"PUBLISHED","Biodegradable Urns in New Mexico","biodegradable-urns-in-new-mexico","New Mexico","ESTADOS UNIDOS","Biodegradable Urns in New Mexico","Sustainable biodegradable urns in New Mexico crafted for meaningful memorials. Explore eco-friendly options from Your Brand Name.","Biodegradable Urns in New Mexico | Eco-Friendly Memorials by Your Brand Name","Discover premium biodegradable urns in New Mexico. Eco-friendly memorial urns for land, water, and tree burials. Fast shipping across the USA from Your Brand Name.","6579dc74-5467-43ab-a452-fb2787eb2826",2026-06-12T20:24:41Z,2026-06-12T20:33:14Z,"45119e62-fb47-42df-8e3f-62a36597ee45",2026-06-12T20:24:40Z,
"PUBLISHED","Biodegradable Urns in Kentucky","biodegradable-urns-in-kentucky","Kentucky","ESTADOS UNIDOS","Biodegradable Urns in Kentucky","Sustainable biodegradable urns in Kentucky crafted for meaningful memorials. Explore eco-friendly options from Your Brand Name.","Biodegradable Urns in Kentucky | Eco-Friendly Memorials by Your Brand Name","Discover premium biodegradable urns in Kentucky. Eco-friendly memorial urns for land, water, and tree burials. Fast shipping across the USA from Your Brand Name.","6adac611-315a-4712-adac-a42abb1cbfb6",2026-06-12T20:24:41Z,2026-06-12T20:33:14Z,"45119e62-fb47-42df-8e3f-62a36597ee45",2026-06-12T20:24:40Z,
"PUBLISHED","Biodegradable Urns in Michigan","biodegradable-urns-in-michigan","Michigan","ESTADOS UNIDOS","Biodegradable Urns in Michigan","Sustainable biodegradable urns in Michigan crafted for meaningful memorials. Explore eco-friendly options from Your Brand Name.","Biodegradable Urns in Michigan | Eco-Friendly Memorials by Your Brand Name","Discover premium biodegradable urns in Michigan. Eco-friendly memorial urns for land, water, and tree burials. Fast shipping across the USA from Your Brand Name.","6b5ef6f4-da99-4273-9b4c-07cef7e3ef57",2026-06-12T20:24:41Z,2026-06-12T20:33:14Z,"45119e62-fb47-42df-8e3f-62a36597ee45",2026-06-12T20:24:40Z,
"PUBLISHED","Biodegradable Urns in Kansas","biodegradable-urns-in-kansas","Kansas","ESTADOS UNIDOS","Biodegradable Urns in Kansas","Sustainable biodegradable urns in Kansas crafted for meaningful memorials. Explore eco-friendly options from Your Brand Name.","Biodegradable Urns in Kansas | Eco-Friendly Memorials by Your Brand Name","Discover premium biodegradable urns in Kansas. Eco-friendly memorial urns for land, water, and tree burials. Fast shipping across the USA from Your Brand Name.","6b99548e-f77c-4465-8da2-7c5bf8d84a51",2026-06-12T20:24:41Z,2026-06-12T20:33:14Z,"45119e62-fb47-42df-8e3f-62a36597ee45",2026-06-12T20:24:40Z,
"PUBLISHED","Biodegradable Urns in New York","biodegradable-urns-in-new-york","New York","ESTADOS UNIDOS","Biodegradable Urns in New York","Sustainable biodegradable urns in New York crafted for meaningful memorials. Explore eco-friendly options from Your Brand Name.","Biodegradable Urns in New York | Eco-Friendly Memorials by Your Brand Name","Discover premium biodegradable urns in New York. Eco-friendly memorial urns for land, water, and tree burials. Fast shipping across the USA from Your Brand Name.","6d4f1539-b34b-4659-9f9c-1e5987a2079b",2026-06-12T20:24:41Z,2026-06-12T20:33:14Z,"45119e62-fb47-42df-8e3f-62a36597ee45",2026-06-12T20:24:40Z,
"PUBLISHED","Biodegradable Urns in New Hampshire","biodegradable-urns-in-new-hampshire","New Hampshire","ESTADOS UNIDOS","Biodegradable Urns in New Hampshire","Sustainable biodegradable urns in New Hampshire crafted for meaningful memorials. Explore eco-friendly options from Your Brand Name.","Biodegradable Urns in New Hampshire | Eco-Friendly Memorials by Your Brand Name","Discover premium biodegradable urns in New Hampshire. Eco-friendly memorial urns for land, water, and tree burials. Fast shipping across the USA from Your Brand Name.","6edbf8b2-d5b7-41c7-990b-5243de2cf05f",2026-06-12T20:24:41Z,2026-06-12T20:33:14Z,"45119e62-fb47-42df-8e3f-62a36597ee45",2026-06-12T20:24:40Z,
"PUBLISHED","Biodegradable Urns in Wisconsin","biodegradable-urns-in-wisconsin","Wisconsin","ESTADOS UNIDOS","Biodegradable Urns in Wisconsin","Sustainable biodegradable urns in Wisconsin crafted for meaningful memorials. Explore eco-friendly options from Your Brand Name.","Biodegradable Urns in Wisconsin | Eco-Friendly Memorials by Your Brand Name","Discover premium biodegradable urns in Wisconsin. Eco-friendly memorial urns for land, water, and tree burials. Fast shipping across the USA from Your Brand Name.","75cd0297-3aeb-4618-acb6-471e18e83840",2026-06-12T20:24:41Z,2026-06-12T20:33:14Z,"45119e62-fb47-42df-8e3f-62a36597ee45",2026-06-12T20:24:40Z,
"PUBLISHED","Biodegradable Urns in Mississippi","biodegradable-urns-in-mississippi","Mississippi","ESTADOS UNIDOS","Biodegradable Urns in Mississippi","Sustainable biodegradable urns in Mississippi crafted for meaningful memorials. Explore eco-friendly options from Your Brand Name.","Biodegradable Urns in Mississippi | Eco-Friendly Memorials by Your Brand Name","Discover premium biodegradable urns in Mississippi. Eco-friendly memorial urns for land, water, and tree burials. Fast shipping across the USA from Your Brand Name.","7822b13a-b63b-4eee-ada1-76a44920d2d3",2026-06-12T20:24:41Z,2026-06-12T20:33:14Z,"45119e62-fb47-42df-8e3f-62a36597ee45",2026-06-12T20:24:40Z,
"PUBLISHED","Biodegradable Urns in Missouri","biodegradable-urns-in-missouri","Missouri","ESTADOS UNIDOS","Biodegradable Urns in Missouri","Sustainable biodegradable urns in Missouri crafted for meaningful memorials. Explore eco-friendly options from Your Brand Name.","Biodegradable Urns in Missouri | Eco-Friendly Memorials by Your Brand Name","Discover premium biodegradable urns in Missouri. Eco-friendly memorial urns for land, water, and tree burials. Fast shipping across the USA from Your Brand Name.","811c8bf2-eee6-481d-bda2-671f2be099ee",2026-06-12T20:24:41Z,2026-06-12T20:33:14Z,"45119e62-fb47-42df-8e3f-62a36597ee45",2026-06-12T20:24:40Z,
"PUBLISHED","Biodegradable Urns in New Jersey","biodegradable-urns-in-new-jersey","New Jersey","ESTADOS UNIDOS","Biodegradable Urns in New Jersey","Sustainable biodegradable urns in New Jersey crafted for meaningful memorials. Explore eco-friendly options from Your Brand Name.","Biodegradable Urns in New Jersey | Eco-Friendly Memorials by Your Brand Name","Discover premium biodegradable urns in New Jersey. Eco-friendly memorial urns for land, water, and tree burials. Fast shipping across the USA from Your Brand Name.","8d07425d-2cc3-4f24-b16b-379082923628",2026-06-12T20:24:41Z,2026-06-12T20:33:14Z,"45119e62-fb47-42df-8e3f-62a36597ee45",2026-06-12T20:24:40Z,
"PUBLISHED","Biodegradable Urns in Indiana","biodegradable-urns-in-indiana","Indiana","ESTADOS UNIDOS","Biodegradable Urns in Indiana","Sustainable biodegradable urns in Indiana crafted for meaningful memorials. Explore eco-friendly options from Your Brand Name.","Biodegradable Urns in Indiana | Eco-Friendly Memorials by Your Brand Name","Discover premium biodegradable urns in Indiana. Eco-friendly memorial urns for land, water, and tree burials. Fast shipping across the USA from Your Brand Name.","90b2dc18-7a2e-4f51-9e2d-b2858b78ff1e",2026-06-12T20:24:41Z,2026-06-12T20:33:14Z,"45119e62-fb47-42df-8e3f-62a36597ee45",2026-06-12T20:24:40Z,
"PUBLISHED","Biodegradable Urns in Maine","biodegradable-urns-in-maine","Maine","ESTADOS UNIDOS","Biodegradable Urns in Maine","Sustainable biodegradable urns in Maine crafted for meaningful memorials. Explore eco-friendly options from Your Brand Name.","Biodegradable Urns in Maine | Eco-Friendly Memorials by Your Brand Name","Discover premium biodegradable urns in Maine. Eco-friendly memorial urns for land, water, and tree burials. Fast shipping across the USA from Your Brand Name.","93dc8f96-68ff-467e-9e4a-67d686135a81",2026-06-12T20:24:41Z,2026-06-12T20:33:14Z,"45119e62-fb47-42df-8e3f-62a36597ee45",2026-06-12T20:24:40Z,
"PUBLISHED","Biodegradable Urns in Tennessee","biodegradable-urns-in-tennessee","Tennessee","ESTADOS UNIDOS","Biodegradable Urns in Tennessee","Sustainable biodegradable urns in Tennessee crafted for meaningful memorials. Explore eco-friendly options from Your Brand Name.","Biodegradable Urns in Tennessee | Eco-Friendly Memorials by Your Brand Name","Discover premium biodegradable urns in Tennessee. Eco-friendly memorial urns for land, water, and tree burials. Fast shipping across the USA from Your Brand Name.","949ca536-7bf5-4b9c-b908-dc5cf0b66a68",2026-06-12T20:24:41Z,2026-06-12T20:33:14Z,"45119e62-fb47-42df-8e3f-62a36597ee45",2026-06-12T20:24:40Z,
"PUBLISHED","Biodegradable Urns in Colorado","biodegradable-urns-in-colorado","Colorado","ESTADOS UNIDOS","Biodegradable Urns in Colorado","Sustainable biodegradable urns in Colorado crafted for meaningful memorials. Explore eco-friendly options from Your Brand Name.","Biodegradable Urns in Colorado | Eco-Friendly Memorials by Your Brand Name","Discover premium biodegradable urns in Colorado. Eco-friendly memorial urns for land, water, and tree burials. Fast shipping across the USA from Your Brand Name.","971ac486-2034-412f-bf74-5b64ca41b5ec",2026-06-12T20:24:41Z,2026-06-12T20:33:14Z,"45119e62-fb47-42df-8e3f-62a36597ee45",2026-06-12T20:24:40Z,
"PUBLISHED","Biodegradable Urns in Minnesota","biodegradable-urns-in-minnesota","Minnesota","ESTADOS UNIDOS","Biodegradable Urns in Minnesota","Sustainable biodegradable urns in Minnesota crafted for meaningful memorials. Explore eco-friendly options from Your Brand Name.","Biodegradable Urns in Minnesota | Eco-Friendly Memorials by Your Brand Name","Discover premium biodegradable urns in Minnesota. Eco-friendly memorial urns for land, water, and tree burials. Fast shipping across the USA from Your Brand Name.","996eb5b4-b0ad-41d9-8a46-a6b20aa86da0",2026-06-12T20:24:41Z,2026-06-12T20:33:14Z,"45119e62-fb47-42df-8e3f-62a36597ee45",2026-06-12T20:24:40Z,
"PUBLISHED","Biodegradable Urns in South Carolina","biodegradable-urns-in-south-carolina","South Carolina","ESTADOS UNIDOS","Biodegradable Urns in South Carolina","Sustainable biodegradable urns in South Carolina crafted for meaningful memorials. Explore eco-friendly options from Your Brand Name.","Biodegradable Urns in South Carolina | Eco-Friendly Memorials by Your Brand Name","Discover premium biodegradable urns in South Carolina. Eco-friendly memorial urns for land, water, and tree burials. Fast shipping across the USA from Your Brand Name.","9a0eea5b-4f5a-4ae7-bcec-e7d3baf797d7",2026-06-12T20:24:41Z,2026-06-12T20:33:14Z,"45119e62-fb47-42df-8e3f-62a36597ee45",2026-06-12T20:24:40Z,
"PUBLISHED","Biodegradable Urns in Delaware","biodegradable-urns-in-delaware","Delaware","ESTADOS UNIDOS","Biodegradable Urns in Delaware","Sustainable biodegradable urns in Delaware crafted for meaningful memorials. Explore eco-friendly options from Your Brand Name.","Biodegradable Urns in Delaware | Eco-Friendly Memorials by Your Brand Name","Discover premium biodegradable urns in Delaware. Eco-friendly memorial urns for land, water, and tree burials. Fast shipping across the USA from Your Brand Name.","a79eceae-051b-42b8-8631-205fcfe5f1e4",2026-06-12T20:24:41Z,2026-06-12T20:33:14Z,"45119e62-fb47-42df-8e3f-62a36597ee45",2026-06-12T20:24:40Z,
"PUBLISHED","Biodegradable Urns in Oregon","biodegradable-urns-in-oregon","Oregon","ESTADOS UNIDOS","Biodegradable Urns in Oregon","Sustainable biodegradable urns in Oregon crafted for meaningful memorials. Explore eco-friendly options from Your Brand Name.","Biodegradable Urns in Oregon | Eco-Friendly Memorials by Your Brand Name","Discover premium biodegradable urns in Oregon. Eco-friendly memorial urns for land, water, and tree burials. Fast shipping across the USA from Your Brand Name.","a7e10404-132a-42e0-b82f-27d44d676941",2026-06-12T20:24:41Z,2026-06-12T20:33:14Z,"45119e62-fb47-42df-8e3f-62a36597ee45",2026-06-12T20:24:40Z,
"PUBLISHED","Biodegradable Urns in Vermont","biodegradable-urns-in-vermont","Vermont","ESTADOS UNIDOS","Biodegradable Urns in Vermont","Sustainable biodegradable urns in Vermont crafted for meaningful memorials. Explore eco-friendly options from Your Brand Name.","Biodegradable Urns in Vermont | Eco-Friendly Memorials by Your Brand Name","Discover premium biodegradable urns in Vermont. Eco-friendly memorial urns for land, water, and tree burials. Fast shipping across the USA from Your Brand Name.","b6f2aaa7-0451-4395-a7ae-3e8f4ba6e9c5",2026-06-12T20:24:41Z,2026-06-12T20:33:14Z,"45119e62-fb47-42df-8e3f-62a36597ee45",2026-06-12T20:24:40Z,
"PUBLISHED","Biodegradable Urns in Virginia","biodegradable-urns-in-virginia","Virginia","ESTADOS UNIDOS","Biodegradable Urns in Virginia","Sustainable biodegradable urns in Virginia crafted for meaningful memorials. Explore eco-friendly options from Your Brand Name.","Biodegradable Urns in Virginia | Eco-Friendly Memorials by Your Brand Name","Discover premium biodegradable urns in Virginia. Eco-friendly memorial urns for land, water, and tree burials. Fast shipping across the USA from Your Brand Name.","b8128aee-ba2e-4148-a234-634fca6a550a",2026-06-12T20:24:41Z,2026-06-12T20:33:14Z,"45119e62-fb47-42df-8e3f-62a36597ee45",2026-06-12T20:24:40Z,
"PUBLISHED","Biodegradable Urns in Ohio","biodegradable-urns-in-ohio","Ohio","ESTADOS UNIDOS","Biodegradable Urns in Ohio","Sustainable biodegradable urns in Ohio crafted for meaningful memorials. Explore eco-friendly options from Your Brand Name.","Biodegradable Urns in Ohio | Eco-Friendly Memorials by Your Brand Name","Discover premium biodegradable urns in Ohio. Eco-friendly memorial urns for land, water, and tree burials. Fast shipping across the USA from Your Brand Name.","c33712b9-37f1-4988-9a41-d63b76f5f679",2026-06-12T20:24:41Z,2026-06-12T20:33:14Z,"45119e62-fb47-42df-8e3f-62a36597ee45",2026-06-12T20:24:40Z,
"PUBLISHED","Biodegradable Urns in Georgia","biodegradable-urns-in-georgia","Georgia","ESTADOS UNIDOS","Biodegradable Urns in Georgia","Sustainable biodegradable urns in Georgia crafted for meaningful memorials. Explore eco-friendly options from Your Brand Name.","Biodegradable Urns in Georgia | Eco-Friendly Memorials by Your Brand Name","Discover premium biodegradable urns in Georgia. Eco-friendly memorial urns for land, water, and tree burials. Fast shipping across the USA from Your Brand Name.","c5ec6e53-5359-4ce1-81c5-c9bcc6358701",2026-06-12T20:24:41Z,2026-06-12T20:33:14Z,"45119e62-fb47-42df-8e3f-62a36597ee45",2026-06-12T20:24:40Z,
"PUBLISHED","Biodegradable Urns in Texas","biodegradable-urns-in-texas","Texas","ESTADOS UNIDOS","Biodegradable Urns in Texas","Sustainable biodegradable urns in Texas crafted for meaningful memorials. Explore eco-friendly options from Your Brand Name.","Biodegradable Urns in Texas | Eco-Friendly Memorials by Your Brand Name","Discover premium biodegradable urns in Texas. Eco-friendly memorial urns for land, water, and tree burials. Fast shipping across the USA from Your Brand Name.","cd1081b9-508c-4608-a2e1-9b100a470e32",2026-06-12T20:24:41Z,2026-06-12T20:33:14Z,"45119e62-fb47-42df-8e3f-62a36597ee45",2026-06-12T20:24:40Z,
"PUBLISHED","Biodegradable Urns in Florida","biodegradable-urns-in-florida","Florida","ESTADOS UNIDOS","Biodegradable Urns in Florida","Sustainable biodegradable urns in Florida crafted for meaningful memorials. Explore eco-friendly options from Your Brand Name.","Biodegradable Urns in Florida | Eco-Friendly Memorials by Your Brand Name","Discover premium biodegradable urns in Florida. Eco-friendly memorial urns for land, water, and tree burials. Fast shipping across the USA from Your Brand Name.","cf6e9231-f7ab-4e24-939e-7ebe3ca2ce9f",2026-06-12T20:24:41Z,2026-06-12T20:33:14Z,"45119e62-fb47-42df-8e3f-62a36597ee45",2026-06-12T20:24:40Z,
"PUBLISHED","Biodegradable Urns in West Virginia","biodegradable-urns-in-west-virginia","West Virginia","ESTADOS UNIDOS","Biodegradable Urns in West Virginia","Sustainable biodegradable urns in West Virginia crafted for meaningful memorials. Explore eco-friendly options from Your Brand Name.","Biodegradable Urns in West Virginia | Eco-Friendly Memorials by Your Brand Name","Discover premium biodegradable urns in West Virginia. Eco-friendly memorial urns for land, water, and tree burials. Fast shipping across the USA from Your Brand Name.","d24f9404-9799-4613-8853-c36542de9cc5",2026-06-12T20:24:41Z,2026-06-12T20:33:14Z,"45119e62-fb47-42df-8e3f-62a36597ee45",2026-06-12T20:24:40Z,
"PUBLISHED","Biodegradable Urns in Washington","biodegradable-urns-in-washington","Washington","ESTADOS UNIDOS","Biodegradable Urns in Washington","Sustainable biodegradable urns in Washington crafted for meaningful memorials. Explore eco-friendly options from Your Brand Name.","Biodegradable Urns in Washington | Eco-Friendly Memorials by Your Brand Name","Discover premium biodegradable urns in Washington. Eco-friendly memorial urns for land, water, and tree burials. Fast shipping across the USA from Your Brand Name.","d25886c7-07ad-4809-a69e-e7da46c2ea64",2026-06-12T20:24:41Z,2026-06-12T20:33:14Z,"45119e62-fb47-42df-8e3f-62a36597ee45",2026-06-12T20:24:40Z,
"PUBLISHED","Biodegradable Urns in Montana","biodegradable-urns-in-montana","Montana","ESTADOS UNIDOS","Biodegradable Urns in Montana","Sustainable biodegradable urns in Montana crafted for meaningful memorials. Explore eco-friendly options from Your Brand Name.","Biodegradable Urns in Montana | Eco-Friendly Memorials by Your Brand Name","Discover premium biodegradable urns in Montana. Eco-friendly memorial urns for land, water, and tree burials. Fast shipping across the USA from Your Brand Name.","d2cbaa89-eb86-448e-bb5e-c9ff665dd054",2026-06-12T20:24:41Z,2026-06-12T20:33:14Z,"45119e62-fb47-42df-8e3f-62a36597ee45",2026-06-12T20:24:40Z,
"PUBLISHED","Biodegradable Urns in North Dakota","biodegradable-urns-in-north-dakota","North Dakota","ESTADOS UNIDOS","Biodegradable Urns in North Dakota","Sustainable biodegradable urns in North Dakota crafted for meaningful memorials. Explore eco-friendly options from Your Brand Name.","Biodegradable Urns in North Dakota | Eco-Friendly Memorials by Your Brand Name","Discover premium biodegradable urns in North Dakota. Eco-friendly memorial urns for land, water, and tree burials. Fast shipping across the USA from Your Brand Name.","d6039daa-436f-4c35-86f0-65077be45c41",2026-06-12T20:24:41Z,2026-06-12T20:33:14Z,"45119e62-fb47-42df-8e3f-62a36597ee45",2026-06-12T20:24:40Z,
"PUBLISHED","Biodegradable Urns in Louisiana","biodegradable-urns-in-louisiana","Louisiana","ESTADOS UNIDOS","Biodegradable Urns in Louisiana","Sustainable biodegradable urns in Louisiana crafted for meaningful memorials. Explore eco-friendly options from Your Brand Name.","Biodegradable Urns in Louisiana | Eco-Friendly Memorials by Your Brand Name","Discover premium biodegradable urns in Louisiana. Eco-friendly memorial urns for land, water, and tree burials. Fast shipping across the USA from Your Brand Name.","e009b51b-69e0-4b64-b697-ec00fa137f3c",2026-06-12T20:24:41Z,2026-06-12T20:33:14Z,"45119e62-fb47-42df-8e3f-62a36597ee45",2026-06-12T20:24:40Z,
"PUBLISHED","Biodegradable Urns in Massachusetts","biodegradable-urns-in-massachusetts","Massachusetts","ESTADOS UNIDOS","Biodegradable Urns in Massachusetts","Sustainable biodegradable urns in Massachusetts crafted for meaningful memorials. Explore eco-friendly options from Your Brand Name.","Biodegradable Urns in Massachusetts | Eco-Friendly Memorials by Your Brand Name","Discover premium biodegradable urns in Massachusetts. Eco-friendly memorial urns for land, water, and tree burials. Fast shipping across the USA from Your Brand Name.","e5ccac7c-22c6-482a-8ff7-f5cf5963741c",2026-06-12T20:24:41Z,2026-06-12T20:33:14Z,"45119e62-fb47-42df-8e3f-62a36597ee45",2026-06-12T20:24:40Z,
"PUBLISHED","Biodegradable Urns in Nevada","biodegradable-urns-in-nevada","Nevada","ESTADOS UNIDOS","Biodegradable Urns in Nevada","Sustainable biodegradable urns in Nevada crafted for meaningful memorials. Explore eco-friendly options from Your Brand Name.","Biodegradable Urns in Nevada | Eco-Friendly Memorials by Your Brand Name","Discover premium biodegradable urns in Nevada. Eco-friendly memorial urns for land, water, and tree burials. Fast shipping across the USA from Your Brand Name.","ef5d4b3d-ebe9-4fc6-9650-bd8d2c203ac9",2026-06-12T20:24:41Z,2026-06-12T20:33:14Z,"45119e62-fb47-42df-8e3f-62a36597ee45",2026-06-12T20:24:40Z,
"PUBLISHED","Biodegradable Urns in Alabama","biodegradable-urns-in-alabama","Alabama","ESTADOS UNIDOS","Biodegradable Urns in Alabama","Sustainable biodegradable urns in Alabama crafted for meaningful memorials. Explore eco-friendly options from Your Brand Name.","Biodegradable Urns in Alabama | Eco-Friendly Memorials by Your Brand Name","Discover premium biodegradable urns in Alabama. Eco-friendly memorial urns for land, water, and tree burials. Fast shipping across the USA from Your Brand Name.","faa096b5-9c0f-4adc-86bb-942659494edd",2026-06-12T20:24:41Z,2026-06-12T20:33:14Z,"45119e62-fb47-42df-8e3f-62a36597ee45",2026-06-12T20:24:30Z,
