"Titulo","ID","Created Date","Updated Date","Owner","Ciudad o Estado","País","Titulo página","Excerpt Página","Titulo SEO","Metadescripción SEO","Publish Date","Unpublish Date","Status"
"Store selling biodegradable urns in Rhode Island","0027f24f-aaae-4906-bfe9-5a852203804a",2026-06-12T20:36:37Z,2026-06-12T20:38:02Z,"45119e62-fb47-42df-8e3f-62a36597ee45","Rhode Island","ESTADOS UNIDOS","Biodegradable Urns Store in Rhode Island","Discover sustainable biodegradable urns in Rhode Island from Your Brand Name. Thoughtfully crafted eco-friendly memorials for lasting tributes.","Biodegradable Urns Store in Rhode Island | Eco-Friendly Memorials by Your Brand Name","Shop premium biodegradable urns in Rhode Island. Eco-friendly memorial urns for land, water, and tree burials. Fast shipping across the USA from Your Brand Name.",2026-06-12T20:36:36Z,,"PUBLISHED"
"Store selling biodegradable urns in North Carolina","028fed34-1bc4-40d5-ad95-33ad6f2bcd2c",2026-06-12T20:36:37Z,2026-06-12T20:38:02Z,"45119e62-fb47-42df-8e3f-62a36597ee45","North Carolina","ESTADOS UNIDOS","Biodegradable Urns Store in North Carolina","Discover sustainable biodegradable urns in North Carolina from Your Brand Name. Thoughtfully crafted eco-friendly memorials for lasting tributes.","Biodegradable Urns Store in North Carolina | Eco-Friendly Memorials by Your Brand Name","Shop premium biodegradable urns in North Carolina. Eco-friendly memorial urns for land, water, and tree burials. Fast shipping across the USA from Your Brand Name.",2026-06-12T20:36:36Z,,"PUBLISHED"
"Store selling biodegradable urns in Virginia","097ae39f-85a3-4fd0-a26c-c9fb057051f5",2026-06-12T20:36:37Z,2026-06-12T20:38:02Z,"45119e62-fb47-42df-8e3f-62a36597ee45","Virginia","ESTADOS UNIDOS","Biodegradable Urns Store in Virginia","Discover sustainable biodegradable urns in Virginia from Your Brand Name. Thoughtfully crafted eco-friendly memorials for lasting tributes.","Biodegradable Urns Store in Virginia | Eco-Friendly Memorials by Your Brand Name","Shop premium biodegradable urns in Virginia. Eco-friendly memorial urns for land, water, and tree burials. Fast shipping across the USA from Your Brand Name.",2026-06-12T20:36:36Z,,"PUBLISHED"
"Store selling biodegradable urns in Connecticut","1127f4ee-70ef-466a-9704-d88dd7ea514b",2026-06-12T20:36:37Z,2026-06-12T20:38:02Z,"45119e62-fb47-42df-8e3f-62a36597ee45","Connecticut","ESTADOS UNIDOS","Biodegradable Urns Store in Connecticut","Discover sustainable biodegradable urns in Connecticut from Your Brand Name. Thoughtfully crafted eco-friendly memorials for lasting tributes.","Biodegradable Urns Store in Connecticut | Eco-Friendly Memorials by Your Brand Name","Shop premium biodegradable urns in Connecticut. Eco-friendly memorial urns for land, water, and tree burials. Fast shipping across the USA from Your Brand Name.",2026-06-12T20:36:36Z,,"PUBLISHED"
"Store selling biodegradable urns in Maine","160e6bb7-57ee-43ec-acf9-6c454609491e",2026-06-12T20:36:37Z,2026-06-12T20:38:02Z,"45119e62-fb47-42df-8e3f-62a36597ee45","Maine","ESTADOS UNIDOS","Biodegradable Urns Store in Maine","Discover sustainable biodegradable urns in Maine from Your Brand Name. Thoughtfully crafted eco-friendly memorials for lasting tributes.","Biodegradable Urns Store in Maine | Eco-Friendly Memorials by Your Brand Name","Shop premium biodegradable urns in Maine. Eco-friendly memorial urns for land, water, and tree burials. Fast shipping across the USA from Your Brand Name.",2026-06-12T20:36:36Z,,"PUBLISHED"
"Store selling biodegradable urns in Idaho","16c7182a-2c0c-4f46-a031-cc5ef6348fed",2026-06-12T20:36:37Z,2026-06-12T20:38:02Z,"45119e62-fb47-42df-8e3f-62a36597ee45","Idaho","ESTADOS UNIDOS","Biodegradable Urns Store in Idaho","Discover sustainable biodegradable urns in Idaho from Your Brand Name. Thoughtfully crafted eco-friendly memorials for lasting tributes.","Biodegradable Urns Store in Idaho | Eco-Friendly Memorials by Your Brand Name","Shop premium biodegradable urns in Idaho. Eco-friendly memorial urns for land, water, and tree burials. Fast shipping across the USA from Your Brand Name.",2026-06-12T20:36:36Z,,"PUBLISHED"
"Store selling biodegradable urns in Illinois","1e751245-8000-4d50-977e-8041ad66a10f",2026-06-12T20:36:37Z,2026-06-12T20:38:02Z,"45119e62-fb47-42df-8e3f-62a36597ee45","Illinois","ESTADOS UNIDOS","Biodegradable Urns Store in Illinois","Discover sustainable biodegradable urns in Illinois from Your Brand Name. Thoughtfully crafted eco-friendly memorials for lasting tributes.","Biodegradable Urns Store in Illinois | Eco-Friendly Memorials by Your Brand Name","Shop premium biodegradable urns in Illinois. Eco-friendly memorial urns for land, water, and tree burials. Fast shipping across the USA from Your Brand Name.",2026-06-12T20:36:36Z,,"PUBLISHED"
"Store selling biodegradable urns in Alabama","1f69aa81-67e9-4f5a-849f-78c8ef457169",2026-06-12T20:36:37Z,2026-06-12T20:38:02Z,"45119e62-fb47-42df-8e3f-62a36597ee45","Alabama","ESTADOS UNIDOS","Biodegradable Urns Store in Alabama","Discover sustainable biodegradable urns in Alabama from Your Brand Name. Thoughtfully crafted eco-friendly memorials for lasting tributes.","Biodegradable Urns Store in Alabama | Eco-Friendly Memorials by Your Brand Name","Shop premium biodegradable urns in Alabama. Eco-friendly memorial urns for land, water, and tree burials. Fast shipping across the USA from Your Brand Name.",2026-06-12T20:30:02Z,,"PUBLISHED"
"Store selling biodegradable urns in Maryland","2087a48c-8b74-4f88-9e54-31d2b912d8cd",2026-06-12T20:36:37Z,2026-06-12T20:38:02Z,"45119e62-fb47-42df-8e3f-62a36597ee45","Maryland","ESTADOS UNIDOS","Biodegradable Urns Store in Maryland","Discover sustainable biodegradable urns in Maryland from Your Brand Name. Thoughtfully crafted eco-friendly memorials for lasting tributes.","Biodegradable Urns Store in Maryland | Eco-Friendly Memorials by Your Brand Name","Shop premium biodegradable urns in Maryland. Eco-friendly memorial urns for land, water, and tree burials. Fast shipping across the USA from Your Brand Name.",2026-06-12T20:36:36Z,,"PUBLISHED"
"Store selling biodegradable urns in Utah","222d036f-cb23-4a33-adda-d38a392813f2",2026-06-12T20:36:37Z,2026-06-12T20:38:02Z,"45119e62-fb47-42df-8e3f-62a36597ee45","Utah","ESTADOS UNIDOS","Biodegradable Urns Store in Utah","Discover sustainable biodegradable urns in Utah from Your Brand Name. Thoughtfully crafted eco-friendly memorials for lasting tributes.","Biodegradable Urns Store in Utah | Eco-Friendly Memorials by Your Brand Name","Shop premium biodegradable urns in Utah. Eco-friendly memorial urns for land, water, and tree burials. Fast shipping across the USA from Your Brand Name.",2026-06-12T20:36:36Z,,"PUBLISHED"
"Store selling biodegradable urns in Vermont","24463516-0c08-4114-86bf-935250cac5e5",2026-06-12T20:36:37Z,2026-06-12T20:38:02Z,"45119e62-fb47-42df-8e3f-62a36597ee45","Vermont","ESTADOS UNIDOS","Biodegradable Urns Store in Vermont","Discover sustainable biodegradable urns in Vermont from Your Brand Name. Thoughtfully crafted eco-friendly memorials for lasting tributes.","Biodegradable Urns Store in Vermont | Eco-Friendly Memorials by Your Brand Name","Shop premium biodegradable urns in Vermont. Eco-friendly memorial urns for land, water, and tree burials. Fast shipping across the USA from Your Brand Name.",2026-06-12T20:36:36Z,,"PUBLISHED"
"Store selling biodegradable urns in Montana","29893c15-e269-49c4-929d-32c94c99c572",2026-06-12T20:36:37Z,2026-06-12T20:38:02Z,"45119e62-fb47-42df-8e3f-62a36597ee45","Montana","ESTADOS UNIDOS","Biodegradable Urns Store in Montana","Discover sustainable biodegradable urns in Montana from Your Brand Name. Thoughtfully crafted eco-friendly memorials for lasting tributes.","Biodegradable Urns Store in Montana | Eco-Friendly Memorials by Your Brand Name","Shop premium biodegradable urns in Montana. Eco-friendly memorial urns for land, water, and tree burials. Fast shipping across the USA from Your Brand Name.",2026-06-12T20:36:36Z,,"PUBLISHED"
"Store selling biodegradable urns in Nebraska","2fd53e71-a32d-422a-a492-f03672783372",2026-06-12T20:36:37Z,2026-06-12T20:38:02Z,"45119e62-fb47-42df-8e3f-62a36597ee45","Nebraska","ESTADOS UNIDOS","Biodegradable Urns Store in Nebraska","Discover sustainable biodegradable urns in Nebraska from Your Brand Name. Thoughtfully crafted eco-friendly memorials for lasting tributes.","Biodegradable Urns Store in Nebraska | Eco-Friendly Memorials by Your Brand Name","Shop premium biodegradable urns in Nebraska. Eco-friendly memorial urns for land, water, and tree burials. Fast shipping across the USA from Your Brand Name.",2026-06-12T20:36:36Z,,"PUBLISHED"
"Store selling biodegradable urns in Florida","32d2e6e4-af9b-4c79-b465-5e64b1f99a20",2026-06-12T20:36:37Z,2026-06-12T20:38:02Z,"45119e62-fb47-42df-8e3f-62a36597ee45","Florida","ESTADOS UNIDOS","Biodegradable Urns Store in Florida","Discover sustainable biodegradable urns in Florida from Your Brand Name. Thoughtfully crafted eco-friendly memorials for lasting tributes.","Biodegradable Urns Store in Florida | Eco-Friendly Memorials by Your Brand Name","Shop premium biodegradable urns in Florida. Eco-friendly memorial urns for land, water, and tree burials. Fast shipping across the USA from Your Brand Name.",2026-06-12T20:36:36Z,,"PUBLISHED"
"Store selling biodegradable urns in Arkansas","350f3fc6-0f45-421a-bb94-acf9a635214f",2026-06-12T20:36:37Z,2026-06-12T20:38:02Z,"45119e62-fb47-42df-8e3f-62a36597ee45","Arkansas","ESTADOS UNIDOS","Biodegradable Urns Store in Arkansas","Discover sustainable biodegradable urns in Arkansas from Your Brand Name. Thoughtfully crafted eco-friendly memorials for lasting tributes.","Biodegradable Urns Store in Arkansas | Eco-Friendly Memorials by Your Brand Name","Shop premium biodegradable urns in Arkansas. Eco-friendly memorial urns for land, water, and tree burials. Fast shipping across the USA from Your Brand Name.",2026-06-12T20:36:36Z,,"PUBLISHED"
"Store selling biodegradable urns in California","390f6a36-2f4e-4f0f-bd20-d6e0349efefe",2026-06-12T20:36:37Z,2026-06-12T20:38:02Z,"45119e62-fb47-42df-8e3f-62a36597ee45","California","ESTADOS UNIDOS","Biodegradable Urns Store in California","Discover sustainable biodegradable urns in California from Your Brand Name. Thoughtfully crafted eco-friendly memorials for lasting tributes.","Biodegradable Urns Store in California | Eco-Friendly Memorials by Your Brand Name","Shop premium biodegradable urns in California. Eco-friendly memorial urns for land, water, and tree burials. Fast shipping across the USA from Your Brand Name.",2026-06-12T20:36:36Z,,"PUBLISHED"
"Store selling biodegradable urns in Arizona","3a781e1e-2106-49af-897d-0ef9437d059e",2026-06-12T20:36:37Z,2026-06-12T20:38:02Z,"45119e62-fb47-42df-8e3f-62a36597ee45","Arizona","ESTADOS UNIDOS","Biodegradable Urns Store in Arizona","Discover sustainable biodegradable urns in Arizona from Your Brand Name. Thoughtfully crafted eco-friendly memorials for lasting tributes.","Biodegradable Urns Store in Arizona | Eco-Friendly Memorials by Your Brand Name","Shop premium biodegradable urns in Arizona. Eco-friendly memorial urns for land, water, and tree burials. Fast shipping across the USA from Your Brand Name.",2026-06-12T20:36:36Z,,"PUBLISHED"
"Store selling biodegradable urns in South Carolina","3ad969f0-c575-40c9-b1e9-3d6bea96ebad",2026-06-12T20:36:37Z,2026-06-12T20:38:02Z,"45119e62-fb47-42df-8e3f-62a36597ee45","South Carolina","ESTADOS UNIDOS","Biodegradable Urns Store in South Carolina","Discover sustainable biodegradable urns in South Carolina from Your Brand Name. Thoughtfully crafted eco-friendly memorials for lasting tributes.","Biodegradable Urns Store in South Carolina | Eco-Friendly Memorials by Your Brand Name","Shop premium biodegradable urns in South Carolina. Eco-friendly memorial urns for land, water, and tree burials. Fast shipping across the USA from Your Brand Name.",2026-06-12T20:36:36Z,,"PUBLISHED"
"Store selling biodegradable urns in West Virginia","3c04d0b7-b726-45c5-b3e1-feb0c0c8ba01",2026-06-12T20:36:37Z,2026-06-12T20:38:02Z,"45119e62-fb47-42df-8e3f-62a36597ee45","West Virginia","ESTADOS UNIDOS","Biodegradable Urns Store in West Virginia","Discover sustainable biodegradable urns in West Virginia from Your Brand Name. Thoughtfully crafted eco-friendly memorials for lasting tributes.","Biodegradable Urns Store in West Virginia | Eco-Friendly Memorials by Your Brand Name","Shop premium biodegradable urns in West Virginia. Eco-friendly memorial urns for land, water, and tree burials. Fast shipping across the USA from Your Brand Name.",2026-06-12T20:36:36Z,,"PUBLISHED"
"Store selling biodegradable urns in Iowa","429c12e4-6003-4f6d-a043-5c665c07fff4",2026-06-12T20:36:37Z,2026-06-12T20:38:02Z,"45119e62-fb47-42df-8e3f-62a36597ee45","Iowa","ESTADOS UNIDOS","Biodegradable Urns Store in Iowa","Discover sustainable biodegradable urns in Iowa from Your Brand Name. Thoughtfully crafted eco-friendly memorials for lasting tributes.","Biodegradable Urns Store in Iowa | Eco-Friendly Memorials by Your Brand Name","Shop premium biodegradable urns in Iowa. Eco-friendly memorial urns for land, water, and tree burials. Fast shipping across the USA from Your Brand Name.",2026-06-12T20:36:36Z,,"PUBLISHED"
"Store selling biodegradable urns in Kansas","495035bc-7e57-4f91-a5c1-2d22957c765b",2026-06-12T20:36:37Z,2026-06-12T20:38:02Z,"45119e62-fb47-42df-8e3f-62a36597ee45","Kansas","ESTADOS UNIDOS","Biodegradable Urns Store in Kansas","Discover sustainable biodegradable urns in Kansas from Your Brand Name. Thoughtfully crafted eco-friendly memorials for lasting tributes.","Biodegradable Urns Store in Kansas | Eco-Friendly Memorials by Your Brand Name","Shop premium biodegradable urns in Kansas. Eco-friendly memorial urns for land, water, and tree burials. Fast shipping across the USA from Your Brand Name.",2026-06-12T20:36:36Z,,"PUBLISHED"
"Store selling biodegradable urns in Michigan","4ad63387-bc92-4ec2-bc56-839b21d9db12",2026-06-12T20:36:37Z,2026-06-12T20:38:02Z,"45119e62-fb47-42df-8e3f-62a36597ee45","Michigan","ESTADOS UNIDOS","Biodegradable Urns Store in Michigan","Discover sustainable biodegradable urns in Michigan from Your Brand Name. Thoughtfully crafted eco-friendly memorials for lasting tributes.","Biodegradable Urns Store in Michigan | Eco-Friendly Memorials by Your Brand Name","Shop premium biodegradable urns in Michigan. Eco-friendly memorial urns for land, water, and tree burials. Fast shipping across the USA from Your Brand Name.",2026-06-12T20:36:36Z,,"PUBLISHED"
"Store selling biodegradable urns in Wisconsin","4ec9efe6-dec0-4a6f-bd35-b01fd7cc0fb2",2026-06-12T20:36:37Z,2026-06-12T20:38:02Z,"45119e62-fb47-42df-8e3f-62a36597ee45","Wisconsin","ESTADOS UNIDOS","Biodegradable Urns Store in Wisconsin","Discover sustainable biodegradable urns in Wisconsin from Your Brand Name. Thoughtfully crafted eco-friendly memorials for lasting tributes.","Biodegradable Urns Store in Wisconsin | Eco-Friendly Memorials by Your Brand Name","Shop premium biodegradable urns in Wisconsin. Eco-friendly memorial urns for land, water, and tree burials. Fast shipping across the USA from Your Brand Name.",2026-06-12T20:36:36Z,,"PUBLISHED"
"Store selling biodegradable urns in Tennessee","50b20374-3bca-4594-996c-7f4e6bbd6629",2026-06-12T20:36:37Z,2026-06-12T20:38:02Z,"45119e62-fb47-42df-8e3f-62a36597ee45","Tennessee","ESTADOS UNIDOS","Biodegradable Urns Store in Tennessee","Discover sustainable biodegradable urns in Tennessee from Your Brand Name. Thoughtfully crafted eco-friendly memorials for lasting tributes.","Biodegradable Urns Store in Tennessee | Eco-Friendly Memorials by Your Brand Name","Shop premium biodegradable urns in Tennessee. Eco-friendly memorial urns for land, water, and tree burials. Fast shipping across the USA from Your Brand Name.",2026-06-12T20:36:36Z,,"PUBLISHED"
"Store selling biodegradable urns in Massachusetts","61f4bb81-024c-4852-8b80-b3a5076c5a65",2026-06-12T20:36:37Z,2026-06-12T20:38:02Z,"45119e62-fb47-42df-8e3f-62a36597ee45","Massachusetts","ESTADOS UNIDOS","Biodegradable Urns Store in Massachusetts","Discover sustainable biodegradable urns in Massachusetts from Your Brand Name. Thoughtfully crafted eco-friendly memorials for lasting tributes.","Biodegradable Urns Store in Massachusetts | Eco-Friendly Memorials by Your Brand Name","Shop premium biodegradable urns in Massachusetts. Eco-friendly memorial urns for land, water, and tree burials. Fast shipping across the USA from Your Brand Name.",2026-06-12T20:36:36Z,,"PUBLISHED"
"Store selling biodegradable urns in New York","634d5362-21a7-43e4-b369-b1eec1cc8734",2026-06-12T20:36:37Z,2026-06-12T20:38:02Z,"45119e62-fb47-42df-8e3f-62a36597ee45","New York","ESTADOS UNIDOS","Biodegradable Urns Store in New York","Discover sustainable biodegradable urns in New York from Your Brand Name. Thoughtfully crafted eco-friendly memorials for lasting tributes.","Biodegradable Urns Store in New York | Eco-Friendly Memorials by Your Brand Name","Shop premium biodegradable urns in New York. Eco-friendly memorial urns for land, water, and tree burials. Fast shipping across the USA from Your Brand Name.",2026-06-12T20:36:36Z,,"PUBLISHED"
"Store selling biodegradable urns in Oregon","661839a7-47ac-4b69-bf46-93f7eeee0e05",2026-06-12T20:36:37Z,2026-06-12T20:38:02Z,"45119e62-fb47-42df-8e3f-62a36597ee45","Oregon","ESTADOS UNIDOS","Biodegradable Urns Store in Oregon","Discover sustainable biodegradable urns in Oregon from Your Brand Name. Thoughtfully crafted eco-friendly memorials for lasting tributes.","Biodegradable Urns Store in Oregon | Eco-Friendly Memorials by Your Brand Name","Shop premium biodegradable urns in Oregon. Eco-friendly memorial urns for land, water, and tree burials. Fast shipping across the USA from Your Brand Name.",2026-06-12T20:36:36Z,,"PUBLISHED"
"Store selling biodegradable urns in Alaska","6e5c8119-c4ef-4afd-a058-da529b143cc9",2026-06-12T20:36:37Z,2026-06-12T20:38:02Z,"45119e62-fb47-42df-8e3f-62a36597ee45","Alaska","ESTADOS UNIDOS","Biodegradable Urns Store in Alaska","Discover sustainable biodegradable urns in Alaska from Your Brand Name. Thoughtfully crafted eco-friendly memorials for lasting tributes.","Biodegradable Urns Store in Alaska | Eco-Friendly Memorials by Your Brand Name","Shop premium biodegradable urns in Alaska. Eco-friendly memorial urns for land, water, and tree burials. Fast shipping across the USA from Your Brand Name.",2026-06-12T20:36:36Z,,"PUBLISHED"
"Store selling biodegradable urns in New Mexico","74916ff2-15ff-488c-87a0-a6e903a55490",2026-06-12T20:36:37Z,2026-06-12T20:38:02Z,"45119e62-fb47-42df-8e3f-62a36597ee45","New Mexico","ESTADOS UNIDOS","Biodegradable Urns Store in New Mexico","Discover sustainable biodegradable urns in New Mexico from Your Brand Name. Thoughtfully crafted eco-friendly memorials for lasting tributes.","Biodegradable Urns Store in New Mexico | Eco-Friendly Memorials by Your Brand Name","Shop premium biodegradable urns in New Mexico. Eco-friendly memorial urns for land, water, and tree burials. Fast shipping across the USA from Your Brand Name.",2026-06-12T20:36:36Z,,"PUBLISHED"
"Store selling biodegradable urns in South Dakota","79ea979a-ddd6-48d5-8a36-9aa03b8b139c",2026-06-12T20:36:37Z,2026-06-12T20:38:02Z,"45119e62-fb47-42df-8e3f-62a36597ee45","South Dakota","ESTADOS UNIDOS","Biodegradable Urns Store in South Dakota","Discover sustainable biodegradable urns in South Dakota from Your Brand Name. Thoughtfully crafted eco-friendly memorials for lasting tributes.","Biodegradable Urns Store in South Dakota | Eco-Friendly Memorials by Your Brand Name","Shop premium biodegradable urns in South Dakota. Eco-friendly memorial urns for land, water, and tree burials. Fast shipping across the USA from Your Brand Name.",2026-06-12T20:36:36Z,,"PUBLISHED"
"Store selling biodegradable urns in New Jersey","7f5a7961-d551-4c52-8c9c-d0dfe42c393d",2026-06-12T20:36:37Z,2026-06-12T20:38:02Z,"45119e62-fb47-42df-8e3f-62a36597ee45","New Jersey","ESTADOS UNIDOS","Biodegradable Urns Store in New Jersey","Discover sustainable biodegradable urns in New Jersey from Your Brand Name. Thoughtfully crafted eco-friendly memorials for lasting tributes.","Biodegradable Urns Store in New Jersey | Eco-Friendly Memorials by Your Brand Name","Shop premium biodegradable urns in New Jersey. Eco-friendly memorial urns for land, water, and tree burials. Fast shipping across the USA from Your Brand Name.",2026-06-12T20:36:36Z,,"PUBLISHED"
"Store selling biodegradable urns in Washington","7f7569f1-2362-422d-8e67-3002c6183eb0",2026-06-12T20:36:37Z,2026-06-12T20:38:02Z,"45119e62-fb47-42df-8e3f-62a36597ee45","Washington","ESTADOS UNIDOS","Biodegradable Urns Store in Washington","Discover sustainable biodegradable urns in Washington from Your Brand Name. Thoughtfully crafted eco-friendly memorials for lasting tributes.","Biodegradable Urns Store in Washington | Eco-Friendly Memorials by Your Brand Name","Shop premium biodegradable urns in Washington. Eco-friendly memorial urns for land, water, and tree burials. Fast shipping across the USA from Your Brand Name.",2026-06-12T20:36:36Z,,"PUBLISHED"
"Store selling biodegradable urns in New Hampshire","85a19408-4767-4ed5-a91e-281af42ec402",2026-06-12T20:36:37Z,2026-06-12T20:38:02Z,"45119e62-fb47-42df-8e3f-62a36597ee45","New Hampshire","ESTADOS UNIDOS","Biodegradable Urns Store in New Hampshire","Discover sustainable biodegradable urns in New Hampshire from Your Brand Name. Thoughtfully crafted eco-friendly memorials for lasting tributes.","Biodegradable Urns Store in New Hampshire | Eco-Friendly Memorials by Your Brand Name","Shop premium biodegradable urns in New Hampshire. Eco-friendly memorial urns for land, water, and tree burials. Fast shipping across the USA from Your Brand Name.",2026-06-12T20:36:36Z,,"PUBLISHED"
"Store selling biodegradable urns in Minnesota","8b4f52b4-8a78-4e78-bc40-0c681fb81b5a",2026-06-12T20:36:37Z,2026-06-12T20:38:02Z,"45119e62-fb47-42df-8e3f-62a36597ee45","Minnesota","ESTADOS UNIDOS","Biodegradable Urns Store in Minnesota","Discover sustainable biodegradable urns in Minnesota from Your Brand Name. Thoughtfully crafted eco-friendly memorials for lasting tributes.","Biodegradable Urns Store in Minnesota | Eco-Friendly Memorials by Your Brand Name","Shop premium biodegradable urns in Minnesota. Eco-friendly memorial urns for land, water, and tree burials. Fast shipping across the USA from Your Brand Name.",2026-06-12T20:36:36Z,,"PUBLISHED"
"Store selling biodegradable urns in North Dakota","98a3aa33-079c-4987-894a-db55c0088efd",2026-06-12T20:36:37Z,2026-06-12T20:38:02Z,"45119e62-fb47-42df-8e3f-62a36597ee45","North Dakota","ESTADOS UNIDOS","Biodegradable Urns Store in North Dakota","Discover sustainable biodegradable urns in North Dakota from Your Brand Name. Thoughtfully crafted eco-friendly memorials for lasting tributes.","Biodegradable Urns Store in North Dakota | Eco-Friendly Memorials by Your Brand Name","Shop premium biodegradable urns in North Dakota. Eco-friendly memorial urns for land, water, and tree burials. Fast shipping across the USA from Your Brand Name.",2026-06-12T20:36:36Z,,"PUBLISHED"
"Store selling biodegradable urns in Texas","a4beabbf-c321-449c-a8a5-fcd7ab6c9731",2026-06-12T20:36:37Z,2026-06-12T20:38:02Z,"45119e62-fb47-42df-8e3f-62a36597ee45","Texas","ESTADOS UNIDOS","Biodegradable Urns Store in Texas","Discover sustainable biodegradable urns in Texas from Your Brand Name. Thoughtfully crafted eco-friendly memorials for lasting tributes.","Biodegradable Urns Store in Texas | Eco-Friendly Memorials by Your Brand Name","Shop premium biodegradable urns in Texas. Eco-friendly memorial urns for land, water, and tree burials. Fast shipping across the USA from Your Brand Name.",2026-06-12T20:36:36Z,,"PUBLISHED"
"Store selling biodegradable urns in Mississippi","a5e57e10-af84-45ee-b9d9-6178a558f0fd",2026-06-12T20:36:37Z,2026-06-12T20:38:02Z,"45119e62-fb47-42df-8e3f-62a36597ee45","Mississippi","ESTADOS UNIDOS","Biodegradable Urns Store in Mississippi","Discover sustainable biodegradable urns in Mississippi from Your Brand Name. Thoughtfully crafted eco-friendly memorials for lasting tributes.","Biodegradable Urns Store in Mississippi | Eco-Friendly Memorials by Your Brand Name","Shop premium biodegradable urns in Mississippi. Eco-friendly memorial urns for land, water, and tree burials. Fast shipping across the USA from Your Brand Name.",2026-06-12T20:36:36Z,,"PUBLISHED"
"Store selling biodegradable urns in Nevada","a6ce8bbe-a238-4a2a-8407-12a3e46dd721",2026-06-12T20:36:37Z,2026-06-12T20:38:02Z,"45119e62-fb47-42df-8e3f-62a36597ee45","Nevada","ESTADOS UNIDOS","Biodegradable Urns Store in Nevada","Discover sustainable biodegradable urns in Nevada from Your Brand Name. Thoughtfully crafted eco-friendly memorials for lasting tributes.","Biodegradable Urns Store in Nevada | Eco-Friendly Memorials by Your Brand Name","Shop premium biodegradable urns in Nevada. Eco-friendly memorial urns for land, water, and tree burials. Fast shipping across the USA from Your Brand Name.",2026-06-12T20:36:36Z,,"PUBLISHED"
"Store selling biodegradable urns in Washington, D.C.","a851e421-d8a0-407e-a41a-2cc458515535",2026-06-12T20:36:37Z,2026-06-12T20:38:02Z,"45119e62-fb47-42df-8e3f-62a36597ee45","Washington, D.C.","ESTADOS UNIDOS","Biodegradable Urns Store in Washington, D.C.","Discover sustainable biodegradable urns in Washington, D.C. from Your Brand Name. Thoughtfully crafted eco-friendly memorials for lasting tributes.","Biodegradable Urns Store in Washington, D.C. | Eco-Friendly Memorials by Your Brand Name","Shop premium biodegradable urns in Washington, D.C.. Eco-friendly memorial urns for land, water, and tree burials. Fast shipping across the USA from Your Brand Name.",2026-06-12T20:36:36Z,,"PUBLISHED"
"Store selling biodegradable urns in Ohio","adf6db50-ec80-47f0-8df9-09e9a62114e0",2026-06-12T20:36:37Z,2026-06-12T20:38:02Z,"45119e62-fb47-42df-8e3f-62a36597ee45","Ohio","ESTADOS UNIDOS","Biodegradable Urns Store in Ohio","Discover sustainable biodegradable urns in Ohio from Your Brand Name. Thoughtfully crafted eco-friendly memorials for lasting tributes.","Biodegradable Urns Store in Ohio | Eco-Friendly Memorials by Your Brand Name","Shop premium biodegradable urns in Ohio. Eco-friendly memorial urns for land, water, and tree burials. Fast shipping across the USA from Your Brand Name.",2026-06-12T20:36:36Z,,"PUBLISHED"
"Store selling biodegradable urns in Missouri","b674d642-d06a-4b36-95fd-1f35a594ca34",2026-06-12T20:36:37Z,2026-06-12T20:38:02Z,"45119e62-fb47-42df-8e3f-62a36597ee45","Missouri","ESTADOS UNIDOS","Biodegradable Urns Store in Missouri","Discover sustainable biodegradable urns in Missouri from Your Brand Name. Thoughtfully crafted eco-friendly memorials for lasting tributes.","Biodegradable Urns Store in Missouri | Eco-Friendly Memorials by Your Brand Name","Shop premium biodegradable urns in Missouri. Eco-friendly memorial urns for land, water, and tree burials. Fast shipping across the USA from Your Brand Name.",2026-06-12T20:36:36Z,,"PUBLISHED"
"Store selling biodegradable urns in Georgia","b862366b-b0d8-407d-ba7e-ff70868c89a7",2026-06-12T20:36:37Z,2026-06-12T20:38:02Z,"45119e62-fb47-42df-8e3f-62a36597ee45","Georgia","ESTADOS UNIDOS","Biodegradable Urns Store in Georgia","Discover sustainable biodegradable urns in Georgia from Your Brand Name. Thoughtfully crafted eco-friendly memorials for lasting tributes.","Biodegradable Urns Store in Georgia | Eco-Friendly Memorials by Your Brand Name","Shop premium biodegradable urns in Georgia. Eco-friendly memorial urns for land, water, and tree burials. Fast shipping across the USA from Your Brand Name.",2026-06-12T20:36:36Z,,"PUBLISHED"
"Store selling biodegradable urns in Colorado","c392d5c8-4e47-42c0-be0a-38eb43cbefbf",2026-06-12T20:36:37Z,2026-06-12T20:38:02Z,"45119e62-fb47-42df-8e3f-62a36597ee45","Colorado","ESTADOS UNIDOS","Biodegradable Urns Store in Colorado","Discover sustainable biodegradable urns in Colorado from Your Brand Name. Thoughtfully crafted eco-friendly memorials for lasting tributes.","Biodegradable Urns Store in Colorado | Eco-Friendly Memorials by Your Brand Name","Shop premium biodegradable urns in Colorado. Eco-friendly memorial urns for land, water, and tree burials. Fast shipping across the USA from Your Brand Name.",2026-06-12T20:36:36Z,,"PUBLISHED"
"Store selling biodegradable urns in Louisiana","e0eeab6f-f149-4419-8405-58624eb2ce19",2026-06-12T20:36:37Z,2026-06-12T20:38:02Z,"45119e62-fb47-42df-8e3f-62a36597ee45","Louisiana","ESTADOS UNIDOS","Biodegradable Urns Store in Louisiana","Discover sustainable biodegradable urns in Louisiana from Your Brand Name. Thoughtfully crafted eco-friendly memorials for lasting tributes.","Biodegradable Urns Store in Louisiana | Eco-Friendly Memorials by Your Brand Name","Shop premium biodegradable urns in Louisiana. Eco-friendly memorial urns for land, water, and tree burials. Fast shipping across the USA from Your Brand Name.",2026-06-12T20:36:36Z,,"PUBLISHED"
"Store selling biodegradable urns in Wyoming","e88d9b96-9699-40a1-a1d4-ab05c9517d98",2026-06-12T20:36:37Z,2026-06-12T20:38:02Z,"45119e62-fb47-42df-8e3f-62a36597ee45","Wyoming","ESTADOS UNIDOS","Biodegradable Urns Store in Wyoming","Discover sustainable biodegradable urns in Wyoming from Your Brand Name. Thoughtfully crafted eco-friendly memorials for lasting tributes.","Biodegradable Urns Store in Wyoming | Eco-Friendly Memorials by Your Brand Name","Shop premium biodegradable urns in Wyoming. Eco-friendly memorial urns for land, water, and tree burials. Fast shipping across the USA from Your Brand Name.",2026-06-12T20:36:36Z,,"PUBLISHED"
"Store selling biodegradable urns in Delaware","e8bb5185-7325-407a-9df4-c574c8552cf7",2026-06-12T20:36:37Z,2026-06-12T20:38:02Z,"45119e62-fb47-42df-8e3f-62a36597ee45","Delaware","ESTADOS UNIDOS","Biodegradable Urns Store in Delaware","Discover sustainable biodegradable urns in Delaware from Your Brand Name. Thoughtfully crafted eco-friendly memorials for lasting tributes.","Biodegradable Urns Store in Delaware | Eco-Friendly Memorials by Your Brand Name","Shop premium biodegradable urns in Delaware. Eco-friendly memorial urns for land, water, and tree burials. Fast shipping across the USA from Your Brand Name.",2026-06-12T20:36:36Z,,"PUBLISHED"
"Store selling biodegradable urns in Hawaii","ec3bb130-3bdd-4964-9f13-ed415b2e5080",2026-06-12T20:36:37Z,2026-06-12T20:38:02Z,"45119e62-fb47-42df-8e3f-62a36597ee45","Hawaii","ESTADOS UNIDOS","Biodegradable Urns Store in Hawaii","Discover sustainable biodegradable urns in Hawaii from Your Brand Name. Thoughtfully crafted eco-friendly memorials for lasting tributes.","Biodegradable Urns Store in Hawaii | Eco-Friendly Memorials by Your Brand Name","Shop premium biodegradable urns in Hawaii. Eco-friendly memorial urns for land, water, and tree burials. Fast shipping across the USA from Your Brand Name.",2026-06-12T20:36:36Z,,"PUBLISHED"
"Store selling biodegradable urns in Pennsylvania","f04e98b6-5789-40e8-8673-12f0118a8f35",2026-06-12T20:36:37Z,2026-06-12T20:38:02Z,"45119e62-fb47-42df-8e3f-62a36597ee45","Pennsylvania","ESTADOS UNIDOS","Biodegradable Urns Store in Pennsylvania","Discover sustainable biodegradable urns in Pennsylvania from Your Brand Name. Thoughtfully crafted eco-friendly memorials for lasting tributes.","Biodegradable Urns Store in Pennsylvania | Eco-Friendly Memorials by Your Brand Name","Shop premium biodegradable urns in Pennsylvania. Eco-friendly memorial urns for land, water, and tree burials. Fast shipping across the USA from Your Brand Name.",2026-06-12T20:36:36Z,,"PUBLISHED"
"Store selling biodegradable urns in Kentucky","f41d5f0c-82b6-4292-b6cc-be3b0e5b0985",2026-06-12T20:36:37Z,2026-06-12T20:38:02Z,"45119e62-fb47-42df-8e3f-62a36597ee45","Kentucky","ESTADOS UNIDOS","Biodegradable Urns Store in Kentucky","Discover sustainable biodegradable urns in Kentucky from Your Brand Name. Thoughtfully crafted eco-friendly memorials for lasting tributes.","Biodegradable Urns Store in Kentucky | Eco-Friendly Memorials by Your Brand Name","Shop premium biodegradable urns in Kentucky. Eco-friendly memorial urns for land, water, and tree burials. Fast shipping across the USA from Your Brand Name.",2026-06-12T20:36:36Z,,"PUBLISHED"
"Store selling biodegradable urns in Oklahoma","f446ad40-41fb-4e4c-aaba-6af3ba178f99",2026-06-12T20:36:37Z,2026-06-12T20:38:02Z,"45119e62-fb47-42df-8e3f-62a36597ee45","Oklahoma","ESTADOS UNIDOS","Biodegradable Urns Store in Oklahoma","Discover sustainable biodegradable urns in Oklahoma from Your Brand Name. Thoughtfully crafted eco-friendly memorials for lasting tributes.","Biodegradable Urns Store in Oklahoma | Eco-Friendly Memorials by Your Brand Name","Shop premium biodegradable urns in Oklahoma. Eco-friendly memorial urns for land, water, and tree burials. Fast shipping across the USA from Your Brand Name.",2026-06-12T20:36:36Z,,"PUBLISHED"
"Store selling biodegradable urns in Indiana","f687258d-9f7d-4dd3-af40-9ce7d3ad533a",2026-06-12T20:36:37Z,2026-06-12T20:38:02Z,"45119e62-fb47-42df-8e3f-62a36597ee45","Indiana","ESTADOS UNIDOS","Biodegradable Urns Store in Indiana","Discover sustainable biodegradable urns in Indiana from Your Brand Name. Thoughtfully crafted eco-friendly memorials for lasting tributes.","Biodegradable Urns Store in Indiana | Eco-Friendly Memorials by Your Brand Name","Shop premium biodegradable urns in Indiana. Eco-friendly memorial urns for land, water, and tree burials. Fast shipping across the USA from Your Brand Name.",2026-06-12T20:36:36Z,,"PUBLISHED"
